{
  "IcoMoonType": "selection",
  "icons": [
    {
      "icon": {
        "paths": [
          "M-416.744 376.010c291.845 264.356 1043.38 634.455 1714.759 0 302.532 222.764 1068.58 534.634 1712.64 0 279.743 235.453 1013.057 565.088 1708.353 0 353.066 264.356 1194.139 581.584 1751.064-52.871"
        ],
        "attrs": [
          {
            "fill": "none",
            "stroke": "rgb(229, 246, 252)",
            "strokeLinejoin": "round",
            "strokeLinecap": "round",
            "strokeMiterlimit": "4",
            "strokeWidth": 595.3488372093024
          }
        ],
        "width": 4287,
        "isMulticolor": false,
        "isMulticolor2": false,
        "grid": 0,
        "tags": [
          "water-wave"
        ]
      },
      "attrs": [
        {
          "fill": "none",
          "stroke": "rgb(229, 246, 252)",
          "strokeLinejoin": "round",
          "strokeLinecap": "round",
          "strokeMiterlimit": "4",
          "strokeWidth": 595.3488372093024
        }
      ],
      "properties": {
        "order": 18,
        "id": 0,
        "name": "water-wave",
        "prevSize": 32
      },
      "setIdx": 1,
      "setId": 12,
      "iconIdx": 0
    }
  ],
  "height": 1024,
  "preferences": {
    "showGlyphs": true,
    "showQuickUse": true,
    "showQuickUse2": true,
    "showSVGs": true,
    "fontPref": {
      "prefix": "icon-",
      "metadata": {
        "fontFamily": "icomoon"
      },
      "metrics": {
        "emSize": 1024,
        "baseline": 6.25,
        "whitespace": 50
      },
      "embed": false
    },
    "imagePref": {
      "prefix": "",
      "png": true,
      "useClassSelector": true,
      "color": 0,
      "bgColor": 16777215,
      "classSelector": ".icon",
      "name": "icomoon",
      "height": 32,
      "columns": 16,
      "margin": 16
    },
    "historySize": 50,
    "showCodes": true,
    "gridSize": 16
  }
}